COUNTY_ID,COUNTY,TOWN_ID,TOWN,H_CNT,P_CNT,M_CNT,F_CNT,INFO_TIME
縣市代碼,縣市名稱,鄉鎮市區代碼,鄉鎮市區名稱,戶數,人口數,男性人口數,女性人口數,資料時間
"65000","新北市","65000010","板橋區",237657,551502,266292,285210,"114Y06M"
"65000","新北市","65000020","三重區",171571,383094,186768,196326,"114Y06M"
"65000","新北市","65000030","中和區",182037,404848,194327,210521,"114Y06M"
"65000","新北市","65000040","永和區",95744,212634,100104,112530,"114Y06M"
"65000","新北市","65000050","新莊區",176719,422200,204608,217592,"114Y06M"
"65000","新北市","65000060","新店區",143049,306977,146357,160620,"114Y06M"
"65000","新北市","65000070","樹林區",71691,177959,88204,89755,"114Y06M"
"65000","新北市","65000080","鶯歌區",37004,89723,44757,44966,"114Y06M"
"65000","新北市","65000090","三峽區",48784,115384,57330,58054,"114Y06M"
"65000","新北市","65000100","淡水區",104455,205914,97553,108361,"114Y06M"
"65000","新北市","65000110","汐止區",102015,212650,102982,109668,"114Y06M"
"65000","新北市","65000120","瑞芳區",16317,35947,18143,17804,"114Y06M"
"65000","新北市","65000130","土城區",100397,241466,117777,123689,"114Y06M"
"65000","新北市","65000140","蘆洲區",78664,197125,96208,100917,"114Y06M"
"65000","新北市","65000150","五股區",40726,94305,46862,47443,"114Y06M"
"65000","新北市","65000160","泰山區",32164,78035,38286,39749,"114Y06M"
"65000","新北市","65000170","林口區",60372,137830,66656,71174,"114Y06M"
"65000","新北市","65000180","深坑區",10676,23751,11784,11967,"114Y06M"
"65000","新北市","65000190","石碇區",3331,6935,3793,3142,"114Y06M"
"65000","新北市","65000200","坪林區",2561,6223,3339,2884,"114Y06M"
"65000","新北市","65000210","三芝區",10713,22160,11391,10769,"114Y06M"
"65000","新北市","65000220","石門區",4265,10082,5270,4812,"114Y06M"
"65000","新北市","65000230","八里區",19840,43370,21454,21916,"114Y06M"
"65000","新北市","65000240","平溪區",2122,3961,2229,1732,"114Y06M"
"65000","新北市","65000250","雙溪區",3562,7504,4086,3418,"114Y06M"
"65000","新北市","65000260","貢寮區",4273,10556,5355,5201,"114Y06M"
"65000","新北市","65000270","金山區",7667,19853,9801,10052,"114Y06M"
"65000","新北市","65000280","萬里區",7952,20391,10118,10273,"114Y06M"
"65000","新北市","65000290","烏來區",1912,6147,2997,3150,"114Y06M"
"63000","臺北市","63000010","松山區",81290,188770,87704,101066,"114Y06M"
"63000","臺北市","63000020","信義區",90776,202533,95028,107505,"114Y06M"
"63000","臺北市","63000030","大安區",120972,284392,131224,153168,"114Y06M"
"63000","臺北市","63000040","中山區",103554,213102,97455,115647,"114Y06M"
"63000","臺北市","63000050","中正區",66068,145504,68599,76905,"114Y06M"
"63000","臺北市","63000060","大同區",54497,117442,56077,61365,"114Y06M"
"63000","臺北市","63000070","萬華區",81055,169472,81761,87711,"114Y06M"
"63000","臺北市","63000080","文山區",110649,254935,120707,134228,"114Y06M"
"63000","臺北市","63000090","南港區",49059,111184,53559,57625,"114Y06M"
"63000","臺北市","63000100","內湖區",112367,269437,127151,142286,"114Y06M"
"63000","臺北市","63000110","士林區",109590,259974,124202,135772,"114Y06M"
"63000","臺北市","63000120","北投區",101078,237097,112650,124447,"114Y06M"
"68000","桃園市","68000010","桃園區",207114,477606,229183,248423,"114Y06M"
"68000","桃園市","68000020","中壢區",188599,438264,213241,225023,"114Y06M"
"68000","桃園市","68000030","大溪區",37516,94182,47680,46502,"114Y06M"
"68000","桃園市","68000040","楊梅區",73525,182517,90942,91575,"114Y06M"
"68000","桃園市","68000050","蘆竹區",69905,170702,83945,86757,"114Y06M"
"68000","桃園市","68000060","大園區",36600,88719,44841,43878,"114Y06M"
"68000","桃園市","68000070","龜山區",85380,186477,91563,94914,"114Y06M"
"68000","桃園市","68000080","八德區",87306,215676,106415,109261,"114Y06M"
"68000","桃園市","68000090","龍潭區",50776,127545,63187,64358,"114Y06M"
"68000","桃園市","68000100","平鎮區",89910,228721,112702,116019,"114Y06M"
"68000","桃園市","68000110","新屋區",19811,49647,26206,23441,"114Y06M"
"68000","桃園市","68000120","觀音區",31051,76578,39452,37126,"114Y06M"
"68000","桃園市","68000130","復興區",4102,13170,6869,6301,"114Y06M"
"66000","臺中市","66000010","中區",8832,17982,8787,9195,"114Y06M"
"66000","臺中市","66000020","東區",33524,77651,38038,39613,"114Y06M"
"66000","臺中市","66000030","南區",57388,128217,60845,67372,"114Y06M"
"66000","臺中市","66000040","西區",51396,113790,53302,60488,"114Y06M"
"66000","臺中市","66000050","北區",66911,143500,67809,75691,"114Y06M"
"66000","臺中市","66000060","西屯區",104562,238063,112864,125199,"114Y06M"
"66000","臺中市","66000070","南屯區",79797,186035,87962,98073,"114Y06M"
"66000","臺中市","66000080","北屯區",136263,316142,149463,166679,"114Y06M"
"66000","臺中市","66000090","豐原區",60286,162206,79450,82756,"114Y06M"
"66000","臺中市","66000100","東勢區",18533,46799,23763,23036,"114Y06M"
"66000","臺中市","66000110","大甲區",26627,73497,36728,36769,"114Y06M"
"66000","臺中市","66000120","清水區",35389,90747,46183,44564,"114Y06M"
"66000","臺中市","66000130","沙鹿區",38486,101003,50474,50529,"114Y06M"
"66000","臺中市","66000140","梧棲區",25039,64406,32063,32343,"114Y06M"
"66000","臺中市","66000150","后里區",18621,52895,26557,26338,"114Y06M"
"66000","臺中市","66000160","神岡區",22352,63649,32431,31218,"114Y06M"
"66000","臺中市","66000170","潭子區",42084,109298,53716,55582,"114Y06M"
"66000","臺中市","66000180","大雅區",33910,94895,47062,47833,"114Y06M"
"66000","臺中市","66000190","新社區",8441,22694,11736,10958,"114Y06M"
"66000","臺中市","66000200","石岡區",5110,13737,7071,6666,"114Y06M"
"66000","臺中市","66000210","外埔區",11173,30845,15715,15130,"114Y06M"
"66000","臺中市","66000220","大安區",6154,17603,9271,8332,"114Y06M"
"66000","臺中市","66000230","烏日區",33216,81986,40554,41432,"114Y06M"
"66000","臺中市","66000240","大肚區",20553,55472,28165,27307,"114Y06M"
"66000","臺中市","66000250","龍井區",29083,79091,39575,39516,"114Y06M"
"66000","臺中市","66000260","霧峰區",23003,62996,31935,31061,"114Y06M"
"66000","臺中市","66000270","太平區",78634,200653,98476,102177,"114Y06M"
"66000","臺中市","66000280","大里區",80154,211288,102781,108507,"114Y06M"
"66000","臺中市","66000290","和平區",4744,10501,5600,4901,"114Y06M"
"67000","臺南市","67000010","新營區",31854,74695,36538,38157,"114Y06M"
"67000","臺南市","67000020","鹽水區",10472,23843,12395,11448,"114Y06M"
"67000","臺南市","67000030","白河區",10814,25171,13121,12050,"114Y06M"
"67000","臺南市","67000040","柳營區",8400,19930,10376,9554,"114Y06M"
"67000","臺南市","67000050","後壁區",9061,21033,10835,10198,"114Y06M"
"67000","臺南市","67000060","東山區",8227,18634,9960,8674,"114Y06M"
"67000","臺南市","67000070","麻豆區",17742,43041,21774,21267,"114Y06M"
"67000","臺南市","67000080","下營區",9539,21884,11285,10599,"114Y06M"
"67000","臺南市","67000090","六甲區",8619,21027,10825,10202,"114Y06M"
"67000","臺南市","67000100","官田區",8710,20607,10515,10092,"114Y06M"
"67000","臺南市","67000110","大內區",3679,8511,4562,3949,"114Y06M"
"67000","臺南市","67000120","佳里區",23423,58421,28767,29654,"114Y06M"
"67000","臺南市","67000130","學甲區",10265,24488,12548,11940,"114Y06M"
"67000","臺南市","67000140","西港區",9603,24883,12549,12334,"114Y06M"
"67000","臺南市","67000150","七股區",8119,20649,10670,9979,"114Y06M"
"67000","臺南市","67000160","將軍區",7151,17807,9098,8709,"114Y06M"
"67000","臺南市","67000170","北門區",3943,9515,4791,4724,"114Y06M"
"67000","臺南市","67000180","新化區",16088,42025,21242,20783,"114Y06M"
"67000","臺南市","67000190","善化區",23075,53706,26949,26757,"114Y06M"
"67000","臺南市","67000200","新市區",15636,38245,19196,19049,"114Y06M"
"67000","臺南市","67000210","安定區",11782,29841,15352,14489,"114Y06M"
"67000","臺南市","67000220","山上區",2791,6865,3630,3235,"114Y06M"
"67000","臺南市","67000230","玉井區",5387,12757,6591,6166,"114Y06M"
"67000","臺南市","67000240","楠西區",3568,8471,4483,3988,"114Y06M"
"67000","臺南市","67000250","南化區",2833,7690,4135,3555,"114Y06M"
"67000","臺南市","67000260","左鎮區",1799,4091,2339,1752,"114Y06M"
"67000","臺南市","67000270","仁德區",32149,77659,38951,38708,"114Y06M"
"67000","臺南市","67000280","歸仁區",27162,70421,35385,35036,"114Y06M"
"67000","臺南市","67000290","關廟區",12568,33235,16963,16272,"114Y06M"
"67000","臺南市","67000300","龍崎區",1442,3265,1788,1477,"114Y06M"
"67000","臺南市","67000310","永康區",98101,236176,115298,120878,"114Y06M"
"67000","臺南市","67000320","東區",78741,181156,85845,95311,"114Y06M"
"67000","臺南市","67000330","南區",50365,119701,58610,61091,"114Y06M"
"67000","臺南市","67000340","北區",55441,125548,60515,65033,"114Y06M"
"67000","臺南市","67000350","安南區",77757,204377,102241,102136,"114Y06M"
"67000","臺南市","67000360","安平區",31971,71152,33259,37893,"114Y06M"
"67000","臺南市","67000370","中西區",34604,76411,36741,39670,"114Y06M"
"64000","高雄市","64000010","鹽埕區",11183,22066,10852,11214,"114Y06M"
"64000","高雄市","64000020","鼓山區",64825,141272,67108,74164,"114Y06M"
"64000","高雄市","64000030","左營區",88769,197842,93551,104291,"114Y06M"
"64000","高雄市","64000040","楠梓區",85661,195546,95115,100431,"114Y06M"
"64000","高雄市","64000050","三民區",148724,329041,156960,172081,"114Y06M"
"64000","高雄市","64000060","新興區",25018,49512,23483,26029,"114Y06M"
"64000","高雄市","64000070","前金區",15263,27636,12869,14767,"114Y06M"
"64000","高雄市","64000080","苓雅區",77278,162066,76685,85381,"114Y06M"
"64000","高雄市","64000090","前鎮區",82670,177856,86445,91411,"114Y06M"
"64000","高雄市","64000100","旗津區",10581,25117,12846,12271,"114Y06M"
"64000","高雄市","64000110","小港區",71574,153300,75304,77996,"114Y06M"
"64000","高雄市","64000120","鳳山區",154459,354455,171674,182781,"114Y06M"
"64000","高雄市","64000130","林園區",28432,67569,33771,33798,"114Y06M"
"64000","高雄市","64000140","大寮區",47441,112315,56733,55582,"114Y06M"
"64000","高雄市","64000150","大樹區",14984,40050,20380,19670,"114Y06M"
"64000","高雄市","64000160","大社區",14469,33798,17078,16720,"114Y06M"
"64000","高雄市","64000170","仁武區",43822,99881,50022,49859,"114Y06M"
"64000","高雄市","64000180","鳥松區",20516,43894,21958,21936,"114Y06M"
"64000","高雄市","64000190","岡山區",38088,94886,46664,48222,"114Y06M"
"64000","高雄市","64000200","橋頭區",19241,43247,21576,21671,"114Y06M"
"64000","高雄市","64000210","燕巢區",11446,28480,14864,13616,"114Y06M"
"64000","高雄市","64000220","田寮區",2983,6194,3426,2768,"114Y06M"
"64000","高雄市","64000230","阿蓮區",9914,26858,13458,13400,"114Y06M"
"64000","高雄市","64000240","路竹區",18052,49314,24941,24373,"114Y06M"
"64000","高雄市","64000250","湖內區",12027,29394,14933,14461,"114Y06M"
"64000","高雄市","64000260","茄萣區",10926,28830,14673,14157,"114Y06M"
"64000","高雄市","64000270","永安區",5869,13584,6744,6840,"114Y06M"
"64000","高雄市","64000280","彌陀區",6969,17875,9078,8797,"114Y06M"
"64000","高雄市","64000290","梓官區",13951,34744,17781,16963,"114Y06M"
"64000","高雄市","64000300","旗山區",14428,33652,17207,16445,"114Y06M"
"64000","高雄市","64000310","美濃區",16072,36385,19145,17240,"114Y06M"
"64000","高雄市","64000320","六龜區",5454,11375,6120,5255,"114Y06M"
"64000","高雄市","64000330","甲仙區",2314,5342,2807,2535,"114Y06M"
"64000","高雄市","64000340","杉林區",4869,10650,5817,4833,"114Y06M"
"64000","高雄市","64000350","內門區",5310,12679,6836,5843,"114Y06M"
"64000","高雄市","64000360","茂林區",634,1831,904,927,"114Y06M"
"64000","高雄市","64000370","桃源區",1436,4148,2152,1996,"114Y06M"
"64000","高雄市","64000380","那瑪夏區",943,3120,1598,1522,"114Y06M"
"10002","宜蘭縣","10002010","宜蘭市",41125,94896,45998,48898,"114Y06M"
"10002","宜蘭縣","10002020","羅東鎮",28904,69370,32677,36693,"114Y06M"
"10002","宜蘭縣","10002030","蘇澳鎮",15206,36686,18591,18095,"114Y06M"
"10002","宜蘭縣","10002040","頭城鎮",11558,28034,14372,13662,"114Y06M"
"10002","宜蘭縣","10002050","礁溪鄉",17698,36597,18777,17820,"114Y06M"
"10002","宜蘭縣","10002060","壯圍鄉",10276,24504,12771,11733,"114Y06M"
"10002","宜蘭縣","10002070","員山鄉",13534,32198,16899,15299,"114Y06M"
"10002","宜蘭縣","10002080","冬山鄉",22088,53022,26744,26278,"114Y06M"
"10002","宜蘭縣","10002090","五結鄉",18313,41802,21054,20748,"114Y06M"
"10002","宜蘭縣","10002100","三星鄉",9986,21350,11482,9868,"114Y06M"
"10002","宜蘭縣","10002110","大同鄉",2075,5944,3187,2757,"114Y06M"
"10002","宜蘭縣","10002120","南澳鄉",2164,6065,3068,2997,"114Y06M"
"10004","新竹縣","10004010","竹北市",89768,220404,109446,110958,"114Y06M"
"10004","新竹縣","10004020","竹東鎮",39598,98248,49389,48859,"114Y06M"
"10004","新竹縣","10004030","新埔鎮",13722,33698,17961,15737,"114Y06M"
"10004","新竹縣","10004040","關西鎮",9857,26167,14078,12089,"114Y06M"
"10004","新竹縣","10004050","湖口鄉",34481,84478,42542,41936,"114Y06M"
"10004","新竹縣","10004060","新豐鄉",23307,59840,30615,29225,"114Y06M"
"10004","新竹縣","10004070","芎林鄉",8225,20449,10839,9610,"114Y06M"
"10004","新竹縣","10004080","橫山鄉",4526,11899,6424,5475,"114Y06M"
"10004","新竹縣","10004090","北埔鄉",3199,8348,4575,3773,"114Y06M"
"10004","新竹縣","10004100","寶山鄉",6576,14552,7841,6711,"114Y06M"
"10004","新竹縣","10004110","峨眉鄉",2131,4993,2746,2247,"114Y06M"
"10004","新竹縣","10004120","尖石鄉",2988,9386,4885,4501,"114Y06M"
"10004","新竹縣","10004130","五峰鄉",1784,4387,2365,2022,"114Y06M"
"10005","苗栗縣","10005010","苗栗市",35028,86027,42517,43510,"114Y06M"
"10005","苗栗縣","10005020","苑裡鎮",16791,43418,22596,20822,"114Y06M"
"10005","苗栗縣","10005030","通霄鎮",11968,30739,16294,14445,"114Y06M"
"10005","苗栗縣","10005040","竹南鎮",36335,91207,45823,45384,"114Y06M"
"10005","苗栗縣","10005050","頭份市",43127,108209,54547,53662,"114Y06M"
"10005","苗栗縣","10005060","後龍鎮",13071,33677,17756,15921,"114Y06M"
"10005","苗栗縣","10005070","卓蘭鎮",5839,14624,7629,6995,"114Y06M"
"10005","苗栗縣","10005080","大湖鄉",5190,12441,6656,5785,"114Y06M"
"10005","苗栗縣","10005090","公館鄉",11522,30646,15961,14685,"114Y06M"
"10005","苗栗縣","10005100","銅鑼鄉",6461,16182,8545,7637,"114Y06M"
"10005","苗栗縣","10005110","南庄鄉",3825,8594,4707,3887,"114Y06M"
"10005","苗栗縣","10005120","頭屋鄉",3770,9476,5062,4414,"114Y06M"
"10005","苗栗縣","10005130","三義鄉",5827,14601,7743,6858,"114Y06M"
"10005","苗栗縣","10005140","西湖鄉",2591,5940,3360,2580,"114Y06M"
"10005","苗栗縣","10005150","造橋鄉",4474,11624,6184,5440,"114Y06M"
"10005","苗栗縣","10005160","三灣鄉",2296,5720,3146,2574,"114Y06M"
"10005","苗栗縣","10005170","獅潭鄉",1763,3978,2176,1802,"114Y06M"
"10005","苗栗縣","10005180","泰安鄉",1980,5442,2948,2494,"114Y06M"
"10007","彰化縣","10007010","彰化市",85173,221751,108666,113085,"114Y06M"
"10007","彰化縣","10007020","鹿港鎮",28561,82659,41911,40748,"114Y06M"
"10007","彰化縣","10007030","和美鎮",31520,86917,44160,42757,"114Y06M"
"10007","彰化縣","10007040","線西鄉",5363,16075,8286,7789,"114Y06M"
"10007","彰化縣","10007050","伸港鄉",12763,38268,19184,19084,"114Y06M"
"10007","彰化縣","10007060","福興鄉",15401,44520,23206,21314,"114Y06M"
"10007","彰化縣","10007070","秀水鄉",12890,37518,19338,18180,"114Y06M"
"10007","彰化縣","10007080","花壇鄉",15722,42976,22027,20949,"114Y06M"
"10007","彰化縣","10007090","芬園鄉",7522,21512,11290,10222,"114Y06M"
"10007","彰化縣","10007100","員林市",46036,122523,60206,62317,"114Y06M"
"10007","彰化縣","10007110","溪湖鎮",18924,53017,26790,26227,"114Y06M"
"10007","彰化縣","10007120","田中鎮",14476,38566,19670,18896,"114Y06M"
"10007","彰化縣","10007130","大村鄉",13699,39115,19874,19241,"114Y06M"
"10007","彰化縣","10007140","埔鹽鄉",10927,30341,15979,14362,"114Y06M"
"10007","彰化縣","10007150","埔心鄉",12256,33231,17085,16146,"114Y06M"
"10007","彰化縣","10007160","永靖鄉",12233,34386,17751,16635,"114Y06M"
"10007","彰化縣","10007170","社頭鄉",14565,40441,20793,19648,"114Y06M"
"10007","彰化縣","10007180","二水鄉",5425,13357,7034,6323,"114Y06M"
"10007","彰化縣","10007190","北斗鎮",12523,33268,16671,16597,"114Y06M"
"10007","彰化縣","10007200","二林鎮",17426,46817,24058,22759,"114Y06M"
"10007","彰化縣","10007210","田尾鄉",9090,25394,13139,12255,"114Y06M"
"10007","彰化縣","10007220","埤頭鄉",10059,28176,14549,13627,"114Y06M"
"10007","彰化縣","10007230","芳苑鄉",10929,30109,15949,14160,"114Y06M"
"10007","彰化縣","10007240","大城鄉",5220,14299,7719,6580,"114Y06M"
"10007","彰化縣","10007250","竹塘鄉",4912,13972,7362,6610,"114Y06M"
"10007","彰化縣","10007260","溪州鄉",9862,27416,14276,13140,"114Y06M"
"10008","南投縣","10008010","南投市",38223,96868,48062,48806,"114Y06M"
"10008","南投縣","10008020","埔里鎮",30864,76097,37558,38539,"114Y06M"
"10008","南投縣","10008030","草屯鎮",37694,97281,48585,48696,"114Y06M"
"10008","南投縣","10008040","竹山鎮",21015,50280,25606,24674,"114Y06M"
"10008","南投縣","10008050","集集鎮",4309,9644,5012,4632,"114Y06M"
"10008","南投縣","10008060","名間鄉",13562,34895,18377,16518,"114Y06M"
"10008","南投縣","10008070","鹿谷鄉",7865,15578,8320,7258,"114Y06M"
"10008","南投縣","10008080","中寮鄉",5617,12966,7077,5889,"114Y06M"
"10008","南投縣","10008090","魚池鄉",5783,14191,7478,6713,"114Y06M"
"10008","南投縣","10008100","國姓鄉",7134,16185,8737,7448,"114Y06M"
"10008","南投縣","10008110","水里鄉",7151,15645,8159,7486,"114Y06M"
"10008","南投縣","10008120","信義鄉",5274,14993,7990,7003,"114Y06M"
"10008","南投縣","10008130","仁愛鄉",4964,15270,7869,7401,"114Y06M"
"10009","雲林縣","10009010","斗六市",44399,109264,53691,55573,"114Y06M"
"10009","雲林縣","10009020","斗南鎮",17910,43451,21943,21508,"114Y06M"
"10009","雲林縣","10009030","虎尾鎮",29571,71462,35776,35686,"114Y06M"
"10009","雲林縣","10009040","西螺鎮",16627,44107,22084,22023,"114Y06M"
"10009","雲林縣","10009050","土庫鎮",10446,27274,14166,13108,"114Y06M"
"10009","雲林縣","10009060","北港鎮",16691,37357,19126,18231,"114Y06M"
"10009","雲林縣","10009070","古坑鄉",12220,29389,15298,14091,"114Y06M"
"10009","雲林縣","10009080","大埤鄉",7011,17673,9349,8324,"114Y06M"
"10009","雲林縣","10009090","莿桐鄉",10131,27354,14153,13201,"114Y06M"
"10009","雲林縣","10009100","林內鄉",6318,16546,8680,7866,"114Y06M"
"10009","雲林縣","10009110","二崙鄉",9478,24360,13008,11352,"114Y06M"
"10009","雲林縣","10009120","崙背鄉",9194,22417,11859,10558,"114Y06M"
"10009","雲林縣","10009130","麥寮鄉",16213,48865,24122,24743,"114Y06M"
"10009","雲林縣","10009140","東勢鄉",5911,13036,7222,5814,"114Y06M"
"10009","雲林縣","10009150","褒忠鄉",4647,11589,6204,5385,"114Y06M"
"10009","雲林縣","10009160","臺西鄉",8498,20979,11198,9781,"114Y06M"
"10009","雲林縣","10009170","元長鄉",9411,22708,12414,10294,"114Y06M"
"10009","雲林縣","10009180","四湖鄉",8592,20404,11158,9246,"114Y06M"
"10009","雲林縣","10009190","口湖鄉",9251,24216,12898,11318,"114Y06M"
"10009","雲林縣","10009200","水林鄉",9607,22088,12098,9990,"114Y06M"
"10010","嘉義縣","10010010","太保市",15986,39777,20062,19715,"114Y06M"
"10010","嘉義縣","10010020","朴子市",17135,40262,20156,20106,"114Y06M"
"10010","嘉義縣","10010030","布袋鎮",9925,23841,12168,11673,"114Y06M"
"10010","嘉義縣","10010040","大林鎮",12219,29529,14913,14616,"114Y06M"
"10010","嘉義縣","10010050","民雄鄉",28438,69993,35603,34390,"114Y06M"
"10010","嘉義縣","10010060","溪口鄉",5359,12764,6861,5903,"114Y06M"
"10010","嘉義縣","10010070","新港鄉",11353,29274,15455,13819,"114Y06M"
"10010","嘉義縣","10010080","六腳鄉",8838,20217,10782,9435,"114Y06M"
"10010","嘉義縣","10010090","東石鄉",9004,21852,11574,10278,"114Y06M"
"10010","嘉義縣","10010100","義竹鄉",7047,15943,8328,7615,"114Y06M"
"10010","嘉義縣","10010110","鹿草鄉",5897,13658,7433,6225,"114Y06M"
"10010","嘉義縣","10010120","水上鄉",19760,47259,24362,22897,"114Y06M"
"10010","嘉義縣","10010130","中埔鄉",17006,42038,21756,20282,"114Y06M"
"10010","嘉義縣","10010140","竹崎鄉",12162,32417,17214,15203,"114Y06M"
"10010","嘉義縣","10010150","梅山鄉",6932,17239,9137,8102,"114Y06M"
"10010","嘉義縣","10010160","番路鄉",4483,10659,5699,4960,"114Y06M"
"10010","嘉義縣","10010170","大埔鄉",1869,4198,2129,2069,"114Y06M"
"10010","嘉義縣","10010180","阿里山鄉",1839,5186,2696,2490,"114Y06M"
"10013","屏東縣","10013010","屏東市",80361,192125,93817,98308,"114Y06M"
"10013","屏東縣","10013020","潮州鎮",22559,53904,26503,27401,"114Y06M"
"10013","屏東縣","10013030","東港鎮",18679,45977,23002,22975,"114Y06M"
"10013","屏東縣","10013040","恆春鎮",12366,29012,14679,14333,"114Y06M"
"10013","屏東縣","10013050","萬丹鄉",17251,48832,25176,23656,"114Y06M"
"10013","屏東縣","10013060","長治鄉",11646,29301,15025,14276,"114Y06M"
"10013","屏東縣","10013070","麟洛鄉",4366,10477,5360,5117,"114Y06M"
"10013","屏東縣","10013080","九如鄉",8013,21470,10937,10533,"114Y06M"
"10013","屏東縣","10013090","里港鄉",9043,25047,12622,12425,"114Y06M"
"10013","屏東縣","10013100","鹽埔鄉",8521,23323,12109,11214,"114Y06M"
"10013","屏東縣","10013110","高樹鄉",9409,22102,11640,10462,"114Y06M"
"10013","屏東縣","10013120","萬巒鄉",7009,18809,9815,8994,"114Y06M"
"10013","屏東縣","10013130","內埔鄉",21258,52853,26923,25930,"114Y06M"
"10013","屏東縣","10013140","竹田鄉",5999,15472,8252,7220,"114Y06M"
"10013","屏東縣","10013150","新埤鄉",3596,9098,4798,4300,"114Y06M"
"10013","屏東縣","10013160","枋寮鄉",9037,22507,11612,10895,"114Y06M"
"10013","屏東縣","10013170","新園鄉",12467,31925,16500,15425,"114Y06M"
"10013","屏東縣","10013180","崁頂鄉",4772,14498,7267,7231,"114Y06M"
"10013","屏東縣","10013190","林邊鄉",6687,15950,8061,7889,"114Y06M"
"10013","屏東縣","10013200","南州鄉",3981,9650,4931,4719,"114Y06M"
"10013","屏東縣","10013210","佳冬鄉",7191,17419,8965,8454,"114Y06M"
"10013","屏東縣","10013220","琉球鄉",5170,12074,6540,5534,"114Y06M"
"10013","屏東縣","10013230","車城鄉",3560,7774,4145,3629,"114Y06M"
"10013","屏東縣","10013240","滿州鄉",2978,6965,3773,3192,"114Y06M"
"10013","屏東縣","10013250","枋山鄉",2036,4930,2557,2373,"114Y06M"
"10013","屏東縣","10013260","三地門鄉",2464,7610,3800,3810,"114Y06M"
"10013","屏東縣","10013270","霧臺鄉",1115,3176,1607,1569,"114Y06M"
"10013","屏東縣","10013280","瑪家鄉",2273,6657,3336,3321,"114Y06M"
"10013","屏東縣","10013290","泰武鄉",1520,5196,2658,2538,"114Y06M"
"10013","屏東縣","10013300","來義鄉",2352,7295,3625,3670,"114Y06M"
"10013","屏東縣","10013310","春日鄉",1522,4831,2449,2382,"114Y06M"
"10013","屏東縣","10013320","獅子鄉",1668,4845,2474,2371,"114Y06M"
"10013","屏東縣","10013330","牡丹鄉",2086,4688,2321,2367,"114Y06M"
"10014","臺東縣","10014010","臺東市",43426,102964,50739,52225,"114Y06M"
"10014","臺東縣","10014020","成功鎮",5544,12862,6743,6119,"114Y06M"
"10014","臺東縣","10014030","關山鎮",3234,7822,4028,3794,"114Y06M"
"10014","臺東縣","10014040","卑南鄉",7059,16388,8513,7875,"114Y06M"
"10014","臺東縣","10014050","鹿野鄉",3051,6971,3686,3285,"114Y06M"
"10014","臺東縣","10014060","池上鄉",3194,7610,3886,3724,"114Y06M"
"10014","臺東縣","10014070","東河鄉",3674,7735,4211,3524,"114Y06M"
"10014","臺東縣","10014080","長濱鄉",2947,6522,3619,2903,"114Y06M"
"10014","臺東縣","10014090","太麻里鄉",4904,10432,5501,4931,"114Y06M"
"10014","臺東縣","10014100","大武鄉",2501,5420,2831,2589,"114Y06M"
"10014","臺東縣","10014110","綠島鄉",1289,4306,2327,1979,"114Y06M"
"10014","臺東縣","10014120","海端鄉",1137,4331,2246,2085,"114Y06M"
"10014","臺東縣","10014130","延平鄉",1089,3556,1839,1717,"114Y06M"
"10014","臺東縣","10014140","金峰鄉",1229,3672,1843,1829,"114Y06M"
"10014","臺東縣","10014150","達仁鄉",1448,3402,1828,1574,"114Y06M"
"10014","臺東縣","10014160","蘭嶼鄉",2021,5238,2633,2605,"114Y06M"
"10015","花蓮縣","10015010","花蓮市",43470,97538,46554,50984,"114Y06M"
"10015","花蓮縣","10015020","鳳林鎮",4418,10199,5294,4905,"114Y06M"
"10015","花蓮縣","10015030","玉里鎮",9140,21431,11223,10208,"114Y06M"
"10015","花蓮縣","10015040","新城鄉",8785,20409,10277,10132,"114Y06M"
"10015","花蓮縣","10015050","吉安鄉",35056,83188,41257,41931,"114Y06M"
"10015","花蓮縣","10015060","壽豐鄉",7657,16777,8853,7924,"114Y06M"
"10015","花蓮縣","10015070","光復鄉",5019,11413,6012,5401,"114Y06M"
"10015","花蓮縣","10015080","豐濱鄉",1714,4115,2309,1806,"114Y06M"
"10015","花蓮縣","10015090","瑞穗鄉",4811,10495,5605,4890,"114Y06M"
"10015","花蓮縣","10015100","富里鄉",4053,9457,5030,4427,"114Y06M"
"10015","花蓮縣","10015110","秀林鄉",5345,17097,8676,8421,"114Y06M"
"10015","花蓮縣","10015120","萬榮鄉",2169,6043,3150,2893,"114Y06M"
"10015","花蓮縣","10015130","卓溪鄉",1754,5891,3178,2713,"114Y06M"
"10016","澎湖縣","10016010","馬公市",27412,63383,32114,31269,"114Y06M"
"10016","澎湖縣","10016020","湖西鄉",6714,16049,8364,7685,"114Y06M"
"10016","澎湖縣","10016030","白沙鄉",3756,9972,5112,4860,"114Y06M"
"10016","澎湖縣","10016040","西嶼鄉",3175,8025,4100,3925,"114Y06M"
"10016","澎湖縣","10016050","望安鄉",2018,5295,2832,2463,"114Y06M"
"10016","澎湖縣","10016060","七美鄉",1539,3870,1968,1902,"114Y06M"
"10017","基隆市","10017010","中正區",25649,51499,25884,25615,"114Y06M"
"10017","基隆市","10017020","七堵區",23326,52429,26121,26308,"114Y06M"
"10017","基隆市","10017030","暖暖區",17309,38368,19085,19283,"114Y06M"
"10017","基隆市","10017040","仁愛區",19274,40022,19625,20397,"114Y06M"
"10017","基隆市","10017050","中山區",21309,45759,23052,22707,"114Y06M"
"10017","基隆市","10017060","安樂區",36593,80239,39370,40869,"114Y06M"
"10017","基隆市","10017070","信義區",24421,52773,25869,26904,"114Y06M"
"10018","新竹市","10018010","東區",92298,222740,109948,112792,"114Y06M"
"10018","新竹市","10018020","北區",65299,153788,74968,78820,"114Y06M"
"10018","新竹市","10018030","香山區",31294,79301,40111,39190,"114Y06M"
"10020","嘉義市","10020010","東區",48770,116677,55258,61419,"114Y06M"
"10020","嘉義市","10020020","西區",59747,144501,69728,74773,"114Y06M"
"09020","金門縣","09020010","金城鎮",13964,41273,20498,20775,"114Y06M"
"09020","金門縣","09020020","金沙鎮",6981,20056,9877,10179,"114Y06M"
"09020","金門縣","09020030","金湖鎮",10549,30547,15227,15320,"114Y06M"
"09020","金門縣","09020040","金寧鄉",11644,35171,17557,17614,"114Y06M"
"09020","金門縣","09020050","烈嶼鄉",3451,12151,5996,6155,"114Y06M"
"09020","金門縣","09020060","烏坵鄉",127,600,311,289,"114Y06M"
"09007","連江縣","09007010","南竿鄉",2312,7622,4300,3322,"114Y06M"
"09007","連江縣","09007020","北竿鄉",958,2943,1688,1255,"114Y06M"
"09007","連江縣","09007030","莒光鄉",367,1533,971,562,"114Y06M"
"09007","連江縣","09007040","東引鄉",373,1507,947,560,"114Y06M"
